From,To,Direction
"Earth Day Indiana, Inc.",Indiana Native Plant Society- Central Chapter,directed
Hoosier Environmental Council,Thrive Indianapolis Plan,directed
Hoosier Environmental Council,Reconnecting to Our Waterways,directed
Earth Charter Indiana,Groundwork Indy,directed
Keep Indianapolis Beautiful,Thrive Indianapolis Plan,directed
City of Indianapolis,INHP,directed
CAFE,City of Indianapolis,directed
Marion County Purdue Extension Office,Reconnecting to Our Waterways,directed
CICF,La Plaza,directed
Boys and Girls Clubs,CAFE,mutual
MCPHD,Thrive Indianapolis Plan,directed
Damien Center,Samerian Foundation,directed
Earth Charter Indiana,Thrive Indianapolis Plan,directed
CICF,Parks Alliance of Indianapolis,directed
Groundwork Indy,Kheprw Institute,directed
Central Indiana Land Trust,Circle City Cooperative Invasive Species Management Area- Marion County,directed
CAFE,La Plaza,mutual
Amos W Butler Audubon Society,forests for indy,directed
Boys and Girls Clubs,Salesforce Foundation,directed
Groundwork Indy,INHP,directed
La Plaza,Marian University,directed
Sierra Club Hoosier Chapter,Thrive Indianapolis Plan,directed
City of Indianapolis,Groundwork Indy,directed
Boys and Girls Clubs,Herbert Simon Family Foundation,directed
Indiana Native Plant Society- Central Chapter,Indiana Plant Conservation Alliance,directed
Keep Indianapolis Beautiful,Reconnecting to Our Waterways,directed
Kheprw Institute,Thrive Indianapolis Plan,directed
Indiana Native Plant Society- Central Chapter,Reconnecting to Our Waterways,directed
Keep Indianapolis Beautiful,Nina Mason Pulliam Charitable Trust,directed
CICF,Indianapolis Foundation,directed
City of Indianapolis,Indy's Urban Wilderness,directed
Boys and Girls Clubs,Nina Mason Pulliam Charitable Trust,directed
La Plaza,Samerian Foundation,directed
City of Indianapolis,Indy Parks,directed
Circle City Cooperative Invasive Species Management Area- Marion County,Reconnecting to Our Waterways,directed
CAFE,Damien Center,directed
Flanner House,UINDY,directed
Central Indiana Land Trust,Reconnecting to Our Waterways,directed
Indiana Native Plant Society- Central Chapter,Keep Indianapolis Beautiful,directed
Circle City Cooperative Invasive Species Management Area- Marion County,Indiana Wildlife Federation,directed
Citizens Action Coalition,Thrive Indianapolis Plan,directed
CAFE,Family Development Services,directed
City of Indianapolis,Flanner House,directed
Indiana Wildlife Federation,Reconnecting to Our Waterways,directed
CAFE,United Way,directed
City of Indianapolis,INRC,directed
Groundwork Indy,Reconnecting to Our Waterways,directed
Circle City Cooperative Invasive Species Management Area- Marion County,Earth Charter Indiana,directed
EmployIndy,La Plaza,directed
Groundwork Indy,Marion County Purdue Extension Office,directed
Marion County Soil & Water Conservation Districts,Reconnecting to Our Waterways,directed
City of Indianapolis,Thrive Indianapolis Plan,directed
CHIP,Indianapolis Foundation,directed
Indiana University,Thrive Indianapolis Plan,directed
Reconnecting to Our Waterways,Thrive Indianapolis Plan,directed
Indiana Forest Alliance,forests for indy,directed
Keep Indianapolis Beautiful,forests for indy,directed
Boys and Girls Clubs,Lilly Endowment,directed
Indiana Wildlife Federation,Thrive Indianapolis Plan,directed
Circle City Cooperative Invasive Species Management Area- Marion County,Marion County Soil & Water Conservation Districts,directed
Circle City Cooperative Invasive Species Management Area- Marion County,Indianapolis Garden Club,directed
Reconnecting to Our Waterways,The Nature Conservancy,directed
Kheprw Institute,Marion County Purdue Extension Office,directed
Boys and Girls Clubs,Eli Lilly & Co. Foundation,directed
Flanner House,Marian University,directed
CHIP,Samerian Foundation,directed
City of Lawrence,Indy's Urban Wilderness,directed
INRC,United Way,directed
Indy Parks,Keep Indianapolis Beautiful,directed
Indianapolis Garden Club,Parks Alliance of Indianapolis,directed
La Plaza,United Way,directed
Circular Indiana,City of Indianapolis,directed
City of Indianapolis,La Plaza,directed
City of Indianapolis,Parks Alliance of Indianapolis,directed
CAFE,INRC,directed
CHIP,INHP,directed
CICF,Samerian Foundation,directed
IDNR,Indy's Urban Wilderness,directed
Boys and Girls Clubs,Samerian Foundation,directed
Groundwork Indy,Keep Indianapolis Beautiful,directed
CICF,Glick Fund,directed
The Nature Conservancy,Thrive Indianapolis Plan,directed
Flanner House,United Way,directed
City of Indianapolis,EmployIndy,directed
INHP,Kheprw Institute,directed
City of Indianapolis,MCPHD,directed
Flanner House,Keep Indianapolis Beautiful,directed
Flanner House,LISC,directed
INHP,Parks Alliance of Indianapolis,directed
Boys and Girls Clubs,United Way,directed
Kheprw Institute,LISC,directed
IUPUI,La Plaza,directed
Circle City Cooperative Invasive Species Management Area- Marion County,Indiana Native Plant Society- Central Chapter,directed
Butler University,Groundwork Indy,directed
Boys and Girls Clubs,La Plaza,mutual
Circle City Cooperative Invasive Species Management Area- Marion County,Sierra Club Hoosier Chapter,directed
CAFE,Keep Indianapolis Beautiful,mutual
Indy Parks,Thrive Indianapolis Plan,directed
CICF,INRC,directed
Amos W Butler Audubon Society,Circle City Cooperative Invasive Species Management Area- Marion County,directed
Butler University,Parks Alliance of Indianapolis,directed
CICF,Groundwork Indy,directed
Butler University,Kheprw Institute,directed
La Plaza,MCPHD,directed
Groundwork Indy,Thrive Indianapolis Plan,directed
Flanner House,IUPUI,directed
Boys and Girls Clubs,City of Indianapolis,directed
CICF,Flanner House,directed
Indy Parks,Parks Alliance of Indianapolis,directed
La Plaza,Lilly Endowment,directed
Indiana Native Plant Society- Central Chapter,The Nature Conservancy,directed
Circle City Cooperative Invasive Species Management Area- Marion County,The Nature Conservancy,directed
City of Indianapolis,Keep Indianapolis Beautiful,directed
IUPUI,Kheprw Institute,directed
Circle City Cooperative Invasive Species Management Area- Marion County,Keep Indianapolis Beautiful,directed
INHP,La Plaza,directed
Kheprw Institute,UUI Website,directed
IUPUI,research.,directed
MCPHD,hhcorp,directed
Indiana Wildlife Federation,coffeecreekcc.net,directed
Groundwork Indy,Home - Groundwork USA,directed
Kheprw Institute,ourpowercampaign.org,directed
The Nature Conservancy,Дэ Нэйче Консерванси (TNC) байгууллага,directed
Hoosier Environmental Council,glasswebprojects.com,directed
Keep Indianapolis Beautiful,The Official Site of Minor League Baseball | MLB.com,directed
Earth Charter Indiana,ef.org,directed
Marian University,cascadecms.com,directed
"Earth Day Indiana, Inc.",Pedal & Park,directed
Hoosier Environmental Council,nuvo.net | Indy's Voices,directed
Marian University,SISTERS OF ST. FRANCIS - Home,directed
C.H. Douglas & Gray - chdouglas.com,Hoosier Environmental Council,directed
Indianapolis Garden Club,LMLESTATEMANAGEMENT.COM,directed
Garden for Wildlife by NWF: Shop Plants to Save Wildlife,Indiana Wildlife Federation,directed
The Nature Conservancy,The Nature Conservancy México,directed
"Homepage - Spirit & Place, IU Indianapolis , Indianapolis, IN",Kheprw Institute,directed
Indianapolis Garden Club,merchantsbankofindiana.com,directed
The Nature Conservancy,The Nature Conservancy Australia,directed
The Nature Conservancy,Yayasan Konservasi Alam Nusantara (YKAN),directed
Indiana Wildlife Federation,Saint Joseph River Valley Fly Fishers Club – St. Joseph River Valley Fly Fishers Club,directed
Flanner House,HOME | Greatplaces2020,directed
Hoosier Environmental Council,skylercreative.com,directed
The Nature Conservancy,大自然保護協會,directed
Keep Indianapolis Beautiful,kab.org,directed
Marian University,ancillachargers.com,directed
1% for the Planet | Accelerating Environmental Giving,Hoosier Environmental Council,directed
Indiana Wildlife Federation,Saugany Lake Conservation Club,directed
Kheprw Institute,indyamp.org,directed
Hoosier Environmental Council,"Legal News & Analysis on Litigation, Policy, Deals : Law360",directed
The Nature Conservancy,首页_大自然保护协会,directed
Home - MS Companies,Indiana Wildlife Federation,directed
IUPUI,Indiana University,directed
Groundwork Indy,UserWay | Web Accessibility AI Solution for Compliance,directed
The Nature Conservancy,The Nature Conservancy India,directed
Marion County Purdue Extension Office,usda.gov,directed
Elkhart Conservation Club,Indiana Wildlife Federation,directed
Hoosier Environmental Council,Press Release Distribution Services - WebWire,directed
Free Podcast hosting and Monetizing Platform | Podbean,Indiana Wildlife Federation,directed
Indiana Wildlife Federation,New Alsace Conservation Club – Common Sense Conservation,directed
Earth Charter Indiana,Earth Charter in Action - Powering a global movement,directed
Indianapolis Business Journal – Indianapolis Business News,Keep Indianapolis Beautiful,directed
Empower Results,Indiana Wildlife Federation,directed
Indy's Urban Wilderness,Visit Lawrence Indiana,directed
Keep Indianapolis Beautiful,Salesforce: The Customer Company | Salesforce US,directed
Kheprw Institute,NAACP | Leading the Fight to End Racial Inequality,directed
Indiana Wildlife Federation,Webs.com has been shut down: Find out more,directed
KI NuMedia | Storytelling that Empowers Community,Kheprw Institute,directed
A Digest of Culinary Services in March 2024,Kheprw Institute,directed
Clear Choices Clean Water - Hoosier Environmental Council,Hoosier Environmental Council,directed
Indiana Wildlife Federation,guidestar.org,directed
Hoosier Environmental Council,ecologicindiana.com,directed
Hoosier Environmental Council,indianacoalash.org,directed
Hoosier Environmental Council,Shop Ambre Blends,directed
Kheprw Institute,Mt. Zion Baptist Church,directed
Kheprw Institute,PBS: Public Broadcasting Service,directed
Hoosier Environmental Council,moundsgreenway.org,directed
Groundwork Indy,list-manage.com,directed
Hoosier Environmental Council,raymondjames.com,directed
Family Development Services,usda.gov,directed
Indianapolis Garden Club,bremnerrealestate.com,directed
"Home | Holeman, Inc.",Indianapolis Garden Club,directed
Hoosier Environmental Council,ikecoalition.org,directed
Marian University,muknights.com,directed
MCPHD,Marion County Public Health Emergency Preparedness | Indy Prepares,directed
Indiana University,Keep Indianapolis Beautiful,directed
Earth Charter Indiana,Indiana Thriving Schools Challenge,directed
IUPUI,leadership.,directed
Nature United,The Nature Conservancy,directed
Indiana Archives and Records Administration,Kheprw Institute,directed
Keep Indianapolis Beautiful,cummins.com,directed
Home › The National Bank of Indianapolis,Hoosier Environmental Council,directed
ICDC – We help cooperative organizations.,Kheprw Institute,directed
Keep Indianapolis Beautiful,"The official site of the NBA for the latest NBA Scores, Stats & News. | NBA.com",directed
Keep Indianapolis Beautiful,glasswebprojects.com,directed
Citizens Energy Group | Locally Owned Utility Serving Indy Area,Keep Indianapolis Beautiful,directed
The Nature Conservancy,tnc.org,directed
City of Elkhart - City with a Heart,Indiana Wildlife Federation,directed
Central Indiana Land Trust,landtrustaccreditation.org,directed
Kheprw Institute,thelearningtrees.com,directed
IUPUI,admissions.,directed
IUPUI,html.,directed
MCPHD,naccho.org,directed
Keep Indianapolis Beautiful,University of Michigan,directed
Homepage | AES Indiana,Keep Indianapolis Beautiful,directed
Join the Organizing Revival - Colorlines,Kheprw Institute,directed
Home - Purdue Extension Nutrition Education Program,Marion County Purdue Extension Office,directed
INHP,bbb.org,directed
"Earth Day Indiana, Inc.",Home - IndyGo - Boldly Moving Our City Forward,directed
Home - MPI Solar,Hoosier Environmental Council,directed
Home,Keep Indianapolis Beautiful,directed
"IndyStar: Indianapolis Star, Indiana news, breaking news and sports",The Nature Conservancy,directed
Eli Lilly & Co. Foundation,Keep Indianapolis Beautiful,directed
Kheprw Institute,alkhemyki.org,directed
Amos W Butler Audubon Society,Indiana Wildlife Federation,directed
Indiana Wildlife Federation,intws.org,directed
"Earth Day Indiana, Inc.",Safe Paws - Birdseye 2 New - Home,directed
Earth Charter Indiana,Herbert Simon Family Foundation,directed
The Nature Conservancy,The Nature Conservancy Brasil,directed
Earth Charter Indiana,Youth Environmental Press Team,directed
Hoosier Environmental Council,Solar Energy Services in Bloomington - Whole Sun Solar,directed
"Credit Card, Mortgage, Banking, Auto | Chase Online | Chase.com",Keep Indianapolis Beautiful,directed
Hoosier Environmental Council,inovateus.com,directed
Home | BRICS Indy,Hoosier Environmental Council,directed
Indianapolis Garden Club,Risk Management & Insurance Advisors | Gregory & Appel,directed
Indianapolis Public Schools – Serving Friends and Families of Central Indianapolis,Kheprw Institute,directed
The Nature Conservancy,interstitialRedirectModalURL.,directed
CMMS & Enterprise Asset Management Solutions | Brightly,Marian University,directed
Indianapolis Garden Club,The Garden Club of America,directed
The Nature Conservancy,mailto.,directed
"Indianapolis, IN Tourism | Hotels, Restaurants & Events",Keep Indianapolis Beautiful,directed
ABUTOGEL > Bandar Togel Online dan Link Togel Online No 1,Indiana Wildlife Federation,directed
Homepage - The White River Alliance,Indiana Wildlife Federation,directed
Desmond Tutu Peace Lab | Butler University,Kheprw Institute,directed
INHP,neoncrm.com,directed
Herbert Simon Family Foundation,Keep Indianapolis Beautiful,directed
